Date,Description,Amount,Category
2024-12-19 12:27:51,House Rent,4232.45,Rent
2025-07-11 18:36:48,House Rent,4529.04,Rent
2025-06-01 00:16:29,MakeMyTrip,4309.4,Travel
2024-08-19 17:47:43,Train Ticket,4644.93,Travel
2024-10-08 21:47:01,Monthly Salary ID:57606,2821.0,Salary
2024-12-24 23:42:43,House Rent,4755.62,Rent
2025-01-18 06:04:15,Swiggy Order,4870.75,Food
2025-06-18 02:17:27,Uber Ride,4192.83,Travel
2024-12-11 05:00:19,Myntra Shopping,1105.76,Shopping
2025-06-28 07:00:12,Ola Ride,2929.94,Travel
2025-02-24 14:42:56,Bank Transfer ID:50654,804.56,Transfer
2024-12-30 22:54:48,House Rent,278.87,Rent
2025-04-16 22:00:20,ATM Withdrawal,1171.63,Others
2025-03-13 15:36:30,Cafe Coffee Day,2614.19,Food
2025-02-23 18:32:22,Cash Withdrawal,4195.96,Others
2024-10-25 13:47:48,Miscellaneous Expense,3620.16,Others
2024-11-06 18:16:46,Bank Transfer,3125.81,Transfer
2024-08-07 01:40:17,Uber Ride,503.79,Travel
2025-01-11 05:26:36,IMPS Transfer,1456.63,Transfer
2025-05-08 21:25:04,House Rent ID:76898,933.81,Rent
2025-05-24 20:28:00,Monthly Salary ID:89736,3441.14,Salary
2025-05-03 09:46:02,Miscellaneous Expense,2786.67,Others
2024-11-16 21:37:18,UPI Transfer ID:22455,3538.88,Transfer
2024-09-21 10:05:17,Swiggy Order ID:80212,3129.07,Food
2025-03-02 04:30:58,Miscellaneous Expense,1947.65,Others
2025-06-27 03:08:14,House Rent,3050.21,Rent
2024-10-28 02:38:33,Monthly Salary ID:14292,298.53,Salary
2025-04-06 02:49:21,ATM Withdrawal,3128.05,Others
2025-07-01 05:45:01,Pizza Hut,655.29,Food
2024-08-09 03:28:12,Miscellaneous Expense ID:13847,707.82,Others
2024-10-02 14:34:47,Bank Transfer,1776.37,Transfer
2024-12-30 11:08:05,IMPS Transfer,293.0,Transfer
2025-03-01 08:55:11,UPI Transfer ID:84430,1655.78,Transfer
2025-02-23 02:31:07,Big Bazaar ID:70639,2184.12,Shopping
2025-03-15 00:48:10,UPI Transfer ID:19215,1017.23,Transfer
2024-11-16 16:21:48,H&M Store,2608.57,Shopping
2024-08-29 22:12:54,Monthly Salary ID:11036,1108.09,Salary
2025-04-21 19:56:04,Ola Ride ID:65350,3336.91,Travel
2024-12-18 19:10:08,House Rent,4252.42,Rent
2024-12-25 03:49:45,Monthly Salary,353.19,Salary
2025-02-16 02:33:14,Train Ticket ID:68747,2708.81,Travel
2024-12-11 17:41:14,Bus Ticket,1115.48,Travel
2024-11-15 13:11:05,ATM Withdrawal,3821.33,Others
2025-01-18 13:31:40,House Rent,2387.63,Rent
2024-08-10 20:34:13,ATM Withdrawal,4810.5,Others
2025-06-15 13:26:42,Flipkart Purchase,1827.12,Shopping
2024-09-11 00:53:47,UPI Transfer,2437.43,Transfer
2024-12-14 20:45:25,Cafe Coffee Day,4603.57,Food
2025-06-10 22:47:53,MakeMyTrip,4513.91,Travel
2025-05-08 05:43:01,Cafe Coffee Day,2846.49,Food
2025-05-04 02:24:45,House Rent ID:39553,4631.03,Rent
2024-09-20 13:26:55,ATM Withdrawal,2053.79,Others
2025-02-24 21:29:58,Restaurant Bill,4103.95,Food
2025-07-11 08:42:09,Swiggy Order ID:31536,2067.14,Food
2024-08-13 12:29:49,Monthly Salary ID:66135,4595.36,Salary
2024-09-30 11:35:28,Bank Transfer ID:67683,2403.74,Transfer
2025-02-20 13:08:06,Zomato Order,2704.83,Food
2025-05-30 17:01:46,Goibibo,2952.14,Travel
2025-07-10 19:28:39,Train Ticket,1611.56,Travel
2025-04-11 17:23:58,Monthly Salary,4940.78,Salary
2024-10-11 10:19:54,H&M Store,1891.02,Shopping
2024-12-20 02:14:59,Monthly Salary,202.52,Salary
2025-03-06 11:17:48,Train Ticket ID:24182,1001.52,Travel
2025-01-19 23:25:10,Pizza Hut,576.97,Food
2024-10-07 20:20:33,Monthly Salary,2145.12,Salary
2024-11-09 00:56:01,Monthly Salary,114.95,Salary
2025-02-14 23:59:48,House Rent ID:89225,2126.98,Rent
2025-07-06 07:10:54,House Rent,3708.17,Rent
2024-08-15 09:25:04,Hotel Booking,2987.26,Travel
2025-07-08 09:35:28,Monthly Salary ID:83478,3156.02,Salary
2025-02-26 20:23:58,ATM Withdrawal,4292.53,Others
2024-08-30 19:39:40,Train Ticket,2519.05,Travel
2025-07-18 21:53:43,Big Bazaar,2760.85,Shopping
2025-04-11 16:17:14,Monthly Salary,2354.21,Salary
2025-06-29 03:40:07,Cash Withdrawal,4116.65,Others
2025-07-03 07:29:32,House Rent,4647.07,Rent
2025-01-13 09:14:53,Monthly Salary,2321.22,Salary
2025-01-19 03:23:09,Bank Transfer ID:56224,4402.27,Transfer
2025-05-20 12:05:32,Monthly Salary,1232.79,Salary
2025-01-12 02:58:28,ATM Withdrawal,2921.05,Others
2024-08-27 10:41:59,House Rent ID:31223,4735.13,Rent
2024-12-05 20:50:41,House Rent ID:93404,917.19,Rent
2025-04-16 11:43:42,Pizza Hut ID:85634,4134.69,Food
2025-05-02 13:46:18,ATM Withdrawal ID:41844,289.86,Others
2024-09-24 05:04:51,House Rent ID:24539,3616.79,Rent
2024-09-07 05:36:08,Monthly Salary ID:54741,3182.16,Salary
2024-10-24 12:48:23,Burger King,3635.7,Food
2024-09-30 05:26:32,Dmart,1174.26,Shopping
2025-03-25 01:06:13,Dominos Pizza,632.99,Food
2024-08-21 20:29:36,Cash Withdrawal,3560.53,Others
2025-04-20 20:58:56,House Rent ID:75622,2000.46,Rent
2024-08-07 20:27:20,Cash Withdrawal,3266.18,Others
2024-08-28 11:42:58,UPI Transfer,3950.83,Transfer
2025-01-31 10:30:22,Big Bazaar,1170.68,Shopping
2024-10-28 03:04:31,IMPS Transfer,2753.79,Transfer
2024-12-05 14:48:36,House Rent ID:68586,4862.59,Rent
2025-01-30 03:13:48,McDonald's,2991.05,Food
2024-12-27 22:34:53,ATM Withdrawal,3881.77,Others
2024-09-10 23:30:42,UPI Transfer,4821.06,Transfer
2025-05-18 20:30:02,Restaurant Bill,257.43,Food
2025-03-28 02:19:49,House Rent ID:59580,1734.27,Rent
2025-05-12 02:31:39,House Rent ID:99154,597.73,Rent
2025-05-28 05:15:02,Flipkart Purchase,2884.01,Shopping
2024-08-17 21:58:51,IMPS Transfer,792.13,Transfer
2025-06-30 04:22:42,ATM Withdrawal,184.05,Others
2024-11-03 19:53:47,Myntra Shopping,2906.76,Shopping
2024-09-15 16:05:17,Cash Withdrawal,2683.0,Others
2024-10-20 20:05:19,MakeMyTrip,1632.04,Travel
2025-05-13 14:59:38,Restaurant Bill ID:44280,2289.3,Food
2024-10-18 04:00:45,Cash Withdrawal,1674.19,Others
2025-07-09 16:30:39,Monthly Salary ID:74815,4924.05,Salary
2024-08-31 19:58:10,Bank Transfer ID:26058,3898.97,Transfer
2025-04-04 08:14:51,Pizza Hut,4427.0,Food
2025-05-31 16:04:11,Bank Transfer ID:31824,4060.6,Transfer
2024-08-06 09:06:59,Big Bazaar,2274.63,Shopping
2025-01-06 05:41:21,UPI Transfer,4517.2,Transfer
2025-01-13 22:50:47,Swiggy Order ID:33152,2018.61,Food
2025-05-18 04:21:45,Monthly Salary ID:82942,4806.7,Salary
2025-06-10 12:11:19,Bank Transfer,450.54,Transfer
2025-04-14 18:03:00,UPI Transfer ID:22540,4622.58,Transfer
2025-02-01 13:24:59,Hotel Booking ID:58608,1030.66,Travel
2025-03-05 09:28:15,Bank Transfer,2047.7,Transfer
2024-08-28 10:41:32,Bus Ticket,1318.7,Travel
2024-11-10 23:41:10,Bank Transfer ID:40759,3743.92,Transfer
2025-03-20 17:51:26,Hotel Booking ID:42236,593.08,Travel
2024-12-31 19:31:11,House Rent,1153.18,Rent
2025-01-06 19:34:23,Cash Withdrawal ID:98253,2395.3,Others
2025-06-03 06:15:35,Dominos Pizza,2954.84,Food
2024-10-18 11:59:47,Cafe Coffee Day,4864.45,Food
2025-03-29 15:08:43,House Rent,2601.52,Rent
2025-02-03 14:13:42,House Rent ID:63406,2187.8,Rent
2024-08-16 06:36:21,Cash Withdrawal,1237.2,Others
2025-05-28 06:53:22,Dmart,454.27,Shopping
2025-04-29 12:36:25,Ola Ride ID:70160,3518.58,Travel
2025-07-01 23:58:46,House Rent ID:80305,773.89,Rent
2025-06-03 08:24:22,House Rent ID:12571,345.18,Rent
2024-09-20 01:03:56,UPI Transfer,4274.76,Transfer
2024-11-06 19:18:32,Uber Ride,3295.65,Travel
2024-08-07 10:08:11,Bank Transfer,2789.53,Transfer
2025-04-13 12:46:50,Big Bazaar ID:37441,2313.3,Shopping
2024-10-14 04:46:18,House Rent ID:30503,1660.89,Rent
2025-05-26 21:19:01,IMPS Transfer,1461.25,Transfer
2024-08-23 01:28:56,Miscellaneous Expense,945.48,Others
2024-12-26 08:45:35,Monthly Salary,2846.88,Salary
2024-08-07 17:11:37,House Rent,470.78,Rent
2024-12-22 04:50:13,Flipkart Purchase,2068.26,Shopping
2024-11-21 12:08:38,Monthly Salary,429.13,Salary
2025-01-27 13:56:07,Zara Store,3665.02,Shopping
2025-03-15 21:57:41,ATM Withdrawal,4406.84,Others
2025-05-19 07:10:05,House Rent ID:58226,849.53,Rent
2024-09-08 18:49:17,H&M Store,1952.43,Shopping
2024-08-22 20:44:31,House Rent,4867.68,Rent
2024-12-26 16:45:06,Monthly Salary ID:82442,4003.8,Salary
2025-04-19 04:56:14,Cash Withdrawal ID:67927,1565.53,Others
2024-11-24 18:52:56,House Rent,1932.86,Rent
2025-03-28 12:31:39,Cash Withdrawal,2428.16,Others
2024-11-25 17:41:31,Flight Ticket ID:51728,964.31,Travel
2025-05-21 16:55:18,Train Ticket,3863.88,Travel
2024-09-09 19:38:04,Monthly Salary ID:55196,1493.35,Salary
2024-08-10 23:25:24,House Rent,2875.42,Rent
2024-08-06 11:25:11,Miscellaneous Expense ID:93613,4455.45,Others
2025-05-11 20:05:48,Monthly Salary ID:73881,2456.89,Salary
2025-01-20 09:21:06,House Rent,3408.66,Rent
2025-03-14 03:43:28,Monthly Salary,1588.91,Salary
2024-10-18 23:21:52,Dmart,4702.72,Shopping
2024-10-07 03:32:57,Miscellaneous Expense,204.44,Others
2025-06-07 02:22:13,Monthly Salary,1521.26,Salary
2025-05-17 01:06:55,Cafe Coffee Day ID:34229,198.52,Food
2025-05-27 23:52:07,Goibibo,3688.72,Travel
2025-05-18 20:57:15,Swiggy Order ID:62551,947.9,Food
2024-09-12 05:28:28,Cash Withdrawal ID:26681,1676.04,Others
2025-07-14 04:54:37,ATM Withdrawal,2612.7,Others
2025-06-02 01:23:50,Bank Transfer ID:90167,2943.0,Transfer
2024-08-26 07:34:46,UPI Transfer ID:25240,3087.13,Transfer
2024-09-26 03:48:24,House Rent ID:52602,3843.32,Rent
2025-02-05 19:13:31,Amazon Purchase,4148.96,Shopping
2025-07-08 03:13:15,ATM Withdrawal ID:51997,4570.6,Others
2024-11-10 23:43:57,Goibibo,1104.55,Travel
2024-12-11 08:35:50,House Rent ID:23982,4738.39,Rent
2024-11-13 03:38:16,House Rent,1925.5,Rent
2025-01-24 03:15:56,Monthly Salary,3361.53,Salary
2025-03-11 03:37:01,Big Bazaar,879.29,Shopping
2025-02-07 14:31:00,Monthly Salary ID:40297,4566.16,Salary
2024-07-26 17:24:08,House Rent,3913.6,Rent
2024-12-08 13:05:02,IMPS Transfer,1268.87,Transfer
2024-08-19 00:18:41,IMPS Transfer,737.18,Transfer
2025-06-23 12:53:39,House Rent,441.1,Rent
2025-04-02 20:35:56,Amazon Purchase,1506.43,Shopping
2024-11-03 20:43:18,Zomato Order,737.26,Food
2025-06-17 23:55:20,Cash Withdrawal,1215.23,Others
2025-05-18 21:36:08,Bank Transfer ID:49458,1503.7,Transfer
2025-05-12 19:02:15,Dmart,2175.17,Shopping
2025-01-21 14:49:19,ATM Withdrawal ID:42076,2840.72,Others
2024-12-12 20:26:16,ATM Withdrawal,3277.53,Others
2024-09-03 17:35:16,Monthly Salary,2252.24,Salary
2024-08-11 18:52:19,Train Ticket,270.63,Travel
2025-07-14 14:32:04,Goibibo,4264.99,Travel
2024-08-20 20:06:09,IMPS Transfer,280.48,Transfer
2025-04-17 20:51:21,Monthly Salary,4731.14,Salary
2025-02-26 16:18:58,Monthly Salary,3609.93,Salary
2025-04-17 18:42:13,Monthly Salary,4638.65,Salary
2024-12-18 13:45:53,Flipkart Purchase,116.31,Shopping
2025-03-19 00:12:18,MakeMyTrip,4876.11,Travel
2024-10-19 11:31:40,Zomato Order,2580.44,Food
2024-12-30 12:28:30,Uber Ride,502.53,Travel
2025-02-08 06:11:24,Bank Transfer,3758.03,Transfer
2025-01-24 12:06:44,Uber Ride,578.34,Travel
2025-04-15 17:07:00,Zomato Order,3898.24,Food
2024-12-09 22:09:48,ATM Withdrawal,680.07,Others
2025-01-11 01:29:17,Flipkart Purchase,2611.32,Shopping
2024-12-09 17:54:33,House Rent ID:90908,4188.42,Rent
2025-06-15 14:51:31,Dmart,4864.53,Shopping
2024-07-30 22:59:47,House Rent,2431.36,Rent
2024-11-03 22:26:25,Dominos Pizza,3566.97,Food
2024-10-17 09:29:47,Dmart,1223.4,Shopping
2024-08-23 03:09:16,IMPS Transfer,4653.43,Transfer
2024-11-11 17:57:27,House Rent ID:59480,2205.74,Rent
2024-12-21 00:01:09,UPI Transfer ID:19751,912.49,Transfer
2024-08-05 05:19:14,ATM Withdrawal,2844.35,Others
2025-06-27 21:13:03,Burger King,1461.41,Food
2025-06-14 21:19:53,Monthly Salary,2684.38,Salary
2024-12-16 00:01:43,UPI Transfer ID:10804,1082.23,Transfer
2024-11-07 03:20:49,ATM Withdrawal ID:69634,3453.64,Others
2025-06-28 19:06:56,MakeMyTrip,4276.36,Travel
2025-01-28 21:18:01,Myntra Shopping,1524.11,Shopping
2025-06-05 05:42:03,House Rent,2990.21,Rent
2025-05-16 03:22:59,Monthly Salary,1963.41,Salary
2024-08-18 15:30:53,Monthly Salary,2985.87,Salary
2024-10-08 16:15:50,H&M Store ID:96458,2745.02,Shopping
2025-05-20 13:59:40,Uber Ride,815.94,Travel
2025-05-18 20:12:48,ATM Withdrawal,1647.43,Others
2024-08-10 07:40:07,Monthly Salary,1908.56,Salary
2025-01-16 12:10:56,ATM Withdrawal,1074.47,Others
2025-03-26 23:24:08,Monthly Salary,4957.72,Salary
2025-02-13 04:22:46,Zara Store,4935.36,Shopping
2024-09-15 13:16:39,ATM Withdrawal,986.74,Others
2025-03-14 05:45:40,Miscellaneous Expense ID:33546,3670.8,Others
2024-07-26 18:44:20,Myntra Shopping,1499.64,Shopping
2024-12-14 14:28:08,McDonald's,1090.98,Food
2025-05-06 02:09:32,Hotel Booking ID:92962,565.44,Travel
2025-04-05 00:10:29,IMPS Transfer,4908.57,Transfer
2024-08-12 10:00:41,Bus Ticket,2658.38,Travel
2025-04-08 04:13:01,Monthly Salary,4541.96,Salary
2025-02-12 02:17:18,Monthly Salary,1641.26,Salary
2024-10-04 21:31:47,House Rent,3309.41,Rent
2025-03-26 20:17:38,Zara Store ID:43083,4847.77,Shopping
2025-02-19 02:37:21,Flipkart Purchase,1928.51,Shopping
2025-01-23 23:06:28,Monthly Salary,4035.09,Salary
2025-03-02 22:50:40,Miscellaneous Expense,435.95,Others
2025-04-13 20:31:36,Burger King,756.54,Food
2024-09-09 11:54:56,Monthly Salary,3032.04,Salary
2025-02-25 15:01:41,Monthly Salary,1670.16,Salary
2025-04-17 16:45:39,Monthly Salary,4406.53,Salary
2024-12-18 08:20:50,ATM Withdrawal,2635.08,Others
2025-02-12 00:54:58,IMPS Transfer ID:51239,879.6,Transfer
2025-03-20 08:31:26,House Rent ID:73476,860.69,Rent
2025-01-05 04:43:36,House Rent,4660.86,Rent
2024-09-24 21:02:58,UPI Transfer,535.86,Transfer
2025-01-16 10:37:34,Cash Withdrawal ID:42934,1493.77,Others
2025-07-16 20:51:06,House Rent,3193.9,Rent
2024-12-29 07:08:30,Flipkart Purchase,1296.01,Shopping
2024-08-24 06:53:23,ATM Withdrawal,2214.11,Others
2025-01-13 15:51:48,House Rent,116.96,Rent
2025-03-20 18:36:36,Monthly Salary,1215.98,Salary
2025-07-12 18:37:03,Myntra Shopping,3902.36,Shopping
2025-04-12 09:15:21,Dmart,1770.24,Shopping
2024-07-27 02:12:03,H&M Store,1170.0,Shopping
2025-04-13 11:21:49,Cafe Coffee Day,2170.98,Food
2024-10-25 10:31:39,House Rent,3147.82,Rent
2024-11-04 13:36:04,UPI Transfer,1832.95,Transfer
2025-05-12 10:17:07,UPI Transfer,2471.56,Transfer
2025-06-10 06:26:35,Monthly Salary ID:62011,3982.67,Salary
2024-12-10 18:46:22,Amazon Purchase ID:45180,2403.04,Shopping
2024-11-29 18:05:12,House Rent,753.95,Rent
2025-07-11 19:07:44,Swiggy Order,3198.69,Food
2025-03-02 01:43:57,House Rent,161.58,Rent
2024-11-04 08:52:25,Monthly Salary ID:45534,557.11,Salary
2024-09-26 01:41:14,Big Bazaar ID:36800,1133.08,Shopping
2025-05-07 10:33:44,Monthly Salary ID:54100,4315.31,Salary
2024-11-16 11:24:54,Flight Ticket ID:93704,1694.24,Travel
2025-02-04 14:09:52,Bank Transfer,4978.81,Transfer
2025-03-31 04:56:52,Flipkart Purchase ID:52070,847.81,Shopping
2025-07-11 12:15:56,Monthly Salary,2969.42,Salary
2025-03-13 10:22:00,House Rent,4139.99,Rent
2024-10-30 17:31:31,IMPS Transfer,4050.48,Transfer
2025-06-11 00:38:51,Monthly Salary ID:39099,948.19,Salary
2024-09-29 12:44:25,Monthly Salary,483.4,Salary
2024-12-28 19:51:44,Flipkart Purchase,3056.03,Shopping
2025-04-09 04:48:35,UPI Transfer,1880.56,Transfer
2025-03-30 21:57:01,House Rent,1655.44,Rent
2025-01-17 19:58:24,Dominos Pizza ID:38281,300.02,Food
2025-04-12 00:46:38,Miscellaneous Expense,3255.81,Others
2024-12-03 08:41:08,House Rent,3432.1,Rent
2024-11-01 09:55:50,House Rent,3443.76,Rent
2024-11-15 04:12:43,House Rent ID:10435,1265.21,Rent
2025-07-12 18:06:32,Myntra Shopping,4434.59,Shopping
2024-11-14 19:28:30,Swiggy Order,4331.41,Food
2024-08-06 23:13:05,Miscellaneous Expense,1794.87,Others
2025-07-03 03:24:43,House Rent,2302.47,Rent
2025-04-29 19:58:49,Myntra Shopping ID:66908,3426.79,Shopping
2025-07-19 00:30:12,House Rent,3864.59,Rent
2024-08-18 03:32:39,House Rent,453.82,Rent
2025-05-11 01:47:16,Cash Withdrawal ID:64540,1043.15,Others
2024-11-01 06:00:18,Cash Withdrawal,4792.56,Others
2025-06-25 03:45:57,Monthly Salary,1154.22,Salary
2024-12-18 00:26:20,Cafe Coffee Day ID:11927,1494.15,Food
2025-03-09 14:03:14,Swiggy Order ID:35388,3424.66,Food
2024-07-31 14:41:29,House Rent,573.35,Rent
2024-11-27 08:10:32,Amazon Purchase,916.21,Shopping
2024-11-08 05:44:56,Bus Ticket,4690.36,Travel
2025-03-20 02:13:21,Zara Store ID:61960,2437.86,Shopping
2024-09-10 03:28:49,Monthly Salary,1028.32,Salary
2024-08-30 06:36:37,Uber Ride,3375.17,Travel
2025-03-11 15:05:43,Monthly Salary ID:70183,4173.81,Salary
2025-04-13 02:13:47,House Rent ID:74615,856.78,Rent
2025-01-14 09:18:01,Miscellaneous Expense,3350.88,Others
2025-03-02 18:12:14,Monthly Salary,1654.89,Salary
2025-07-11 08:22:28,ATM Withdrawal,4196.34,Others
2024-08-07 00:33:12,UPI Transfer,2595.74,Transfer
2024-10-02 03:39:50,Monthly Salary ID:10177,3017.93,Salary
2024-11-03 22:18:35,House Rent ID:85359,2829.97,Rent
2025-07-04 07:29:49,Cash Withdrawal,4949.09,Others
2024-12-16 15:37:19,Amazon Purchase,2592.64,Shopping
2025-03-30 05:18:51,Bank Transfer,1721.28,Transfer
2024-11-23 19:18:57,House Rent,3770.02,Rent
2025-06-16 21:22:58,Monthly Salary ID:76351,2432.61,Salary
2024-12-25 13:05:00,Monthly Salary,2873.37,Salary
2024-12-07 22:11:15,Bank Transfer,1624.9,Transfer
2024-11-10 14:27:39,Monthly Salary ID:54354,2996.27,Salary
2024-11-13 06:07:20,IMPS Transfer,2302.29,Transfer
2025-05-30 12:17:56,Monthly Salary,4510.52,Salary
2024-08-09 07:59:50,Cash Withdrawal,2972.78,Others
2024-11-03 06:35:40,Pizza Hut,902.01,Food
2024-12-11 21:13:27,Big Bazaar ID:20191,2831.86,Shopping
2025-06-03 23:57:01,McDonald's,1717.75,Food
2024-11-16 19:26:18,Monthly Salary,177.63,Salary
2025-07-13 10:38:48,Monthly Salary,3934.58,Salary
2024-11-19 02:16:40,Monthly Salary ID:39774,2968.87,Salary
2025-04-27 06:48:33,Monthly Salary,4283.77,Salary
2024-11-13 00:32:40,Ola Ride ID:89705,3495.64,Travel
2024-11-27 20:35:11,ATM Withdrawal,103.65,Others
2025-06-08 02:53:18,Myntra Shopping,1327.74,Shopping
2025-05-08 20:38:13,Uber Ride,1176.76,Travel
2024-08-17 02:29:32,Monthly Salary,3283.55,Salary
2024-09-18 15:58:03,House Rent ID:86360,1638.75,Rent
2024-09-09 13:46:11,McDonald's,1700.12,Food
2025-05-16 14:15:25,ATM Withdrawal ID:15549,1384.72,Others
2025-03-27 23:26:20,UPI Transfer,4666.1,Transfer
2025-05-01 00:00:31,UPI Transfer,2584.24,Transfer
2025-06-09 10:33:07,House Rent ID:20572,3504.75,Rent
2024-12-27 09:18:43,ATM Withdrawal ID:21201,3686.23,Others
2025-07-11 05:00:42,Cash Withdrawal,2290.86,Others
2025-06-27 11:46:16,House Rent,1383.06,Rent
2025-06-11 18:50:45,Monthly Salary ID:47425,2094.76,Salary
2025-05-19 10:08:22,Cash Withdrawal ID:88976,4196.36,Others
2025-07-04 01:03:47,Monthly Salary,1635.98,Salary
2024-09-24 15:57:12,Hotel Booking ID:29895,1454.51,Travel
2025-06-24 19:55:57,Monthly Salary,2584.35,Salary
2024-11-19 13:52:45,MakeMyTrip,3752.06,Travel
2025-03-20 00:36:37,Pizza Hut,248.63,Food
2025-06-22 23:06:17,Restaurant Bill,4681.87,Food
2025-02-07 14:55:23,Zara Store,1542.14,Shopping
2025-04-21 08:48:44,Big Bazaar ID:15429,2038.36,Shopping
2024-08-22 16:14:07,MakeMyTrip,3562.62,Travel
2025-05-18 00:20:05,Uber Ride ID:34123,742.15,Travel
2024-09-04 01:34:37,House Rent ID:27891,4631.21,Rent
2024-08-31 04:46:32,IMPS Transfer,4890.53,Transfer
2025-02-06 15:06:45,Zara Store,4520.21,Shopping
2025-03-29 05:48:06,McDonald's,4254.54,Food
2025-04-18 03:52:29,Monthly Salary ID:12096,4544.21,Salary
2025-04-26 12:52:18,Monthly Salary ID:52831,192.42,Salary
2025-02-07 19:17:03,Swiggy Order,4976.22,Food
2025-02-25 23:49:38,Miscellaneous Expense,3897.45,Others
2024-11-27 06:53:57,Goibibo,1951.05,Travel
2024-12-23 05:25:41,Dmart,2922.75,Shopping
2024-12-28 10:10:40,H&M Store,3620.82,Shopping
2025-03-23 16:52:42,Big Bazaar ID:66446,763.99,Shopping
2025-04-12 04:01:19,Zara Store ID:67166,326.12,Shopping
2025-05-17 12:29:19,Dominos Pizza,3966.58,Food
2025-06-13 19:55:44,Bank Transfer,4995.98,Transfer
2025-03-31 07:10:32,ATM Withdrawal ID:86747,3800.49,Others
2024-12-16 19:09:41,Miscellaneous Expense,4280.3,Others
2025-04-03 00:58:55,Goibibo,668.09,Travel
2024-11-27 12:05:43,Swiggy Order ID:35091,3274.07,Food
2024-07-26 06:44:33,Miscellaneous Expense,4625.88,Others
2024-11-24 02:26:49,Monthly Salary,1598.43,Salary
2025-07-01 14:12:07,Train Ticket,4902.51,Travel
2024-12-09 20:08:28,Big Bazaar,1059.1,Shopping
2025-04-10 17:40:40,Bank Transfer,2495.43,Transfer
2025-03-30 22:18:36,Zara Store,3569.46,Shopping
2024-12-03 19:07:21,Burger King ID:32555,596.59,Food
2024-11-17 23:12:09,Uber Ride,2880.14,Travel
2024-12-13 21:11:40,Amazon Purchase,1767.83,Shopping
2024-09-09 12:11:35,Burger King,2522.49,Food
2025-03-17 04:35:03,Swiggy Order,4929.72,Food
2024-09-04 06:28:04,House Rent ID:82273,2582.9,Rent
2024-11-28 17:37:41,House Rent,969.59,Rent
2024-08-27 12:22:38,Bank Transfer,1011.15,Transfer
2024-07-26 22:01:19,Monthly Salary,3760.55,Salary
2025-03-25 19:23:42,IMPS Transfer,1087.95,Transfer
2025-02-10 19:47:31,House Rent,3742.27,Rent
2025-06-13 00:32:18,Dmart,3580.83,Shopping
2025-03-29 06:16:56,H&M Store,2556.74,Shopping
2025-05-09 04:18:54,McDonald's,3361.51,Food
2024-08-22 06:37:17,Zomato Order,3592.3,Food
2025-06-22 15:10:01,Zomato Order,1362.13,Food
2025-05-03 02:14:19,Cafe Coffee Day,3913.63,Food
2025-05-09 11:48:44,Monthly Salary,3837.51,Salary
2024-08-30 20:28:27,McDonald's,4606.47,Food
2025-02-06 05:46:00,Monthly Salary,4933.85,Salary
2025-06-28 12:22:37,ATM Withdrawal,1403.55,Others
2025-07-20 09:06:51,Hotel Booking,4657.59,Travel
2024-09-23 08:05:33,Pizza Hut,1680.31,Food
2024-10-14 09:30:38,ATM Withdrawal,4557.92,Others
2024-08-06 15:40:58,McDonald's,1830.26,Food
2025-04-03 11:28:07,House Rent ID:96085,203.76,Rent
2025-04-20 00:30:24,Monthly Salary ID:47811,991.58,Salary
2025-03-16 09:03:36,House Rent ID:69127,1022.69,Rent
2024-08-21 08:45:55,Monthly Salary,4403.4,Salary
2025-01-12 06:33:36,Hotel Booking ID:10689,1649.51,Travel
2024-10-04 11:22:40,Hotel Booking,3451.28,Travel
2024-11-11 13:58:29,Monthly Salary,103.02,Salary
2024-11-22 10:17:38,ATM Withdrawal,4780.41,Others
2024-08-21 20:13:09,Bus Ticket,4732.83,Travel
2025-06-29 03:35:10,Monthly Salary,977.51,Salary
2025-03-02 08:40:20,McDonald's,4808.33,Food
2024-09-04 07:52:31,House Rent,3353.72,Rent
2025-07-01 21:12:47,MakeMyTrip,4462.07,Travel
2024-11-13 19:03:27,H&M Store,4609.31,Shopping
2025-04-02 05:07:09,McDonald's,841.73,Food
2024-09-23 06:07:12,Flight Ticket,2446.95,Travel
2024-09-16 17:48:02,Cash Withdrawal,710.53,Others
2025-01-12 05:05:19,Pizza Hut,1184.82,Food
2024-08-07 14:38:54,House Rent,2169.93,Rent
2025-07-07 23:30:27,House Rent,3417.21,Rent
2025-03-06 12:49:05,Monthly Salary,2524.97,Salary
2024-09-12 23:49:00,ATM Withdrawal ID:51713,2183.37,Others
2024-12-29 08:32:14,Hotel Booking ID:55091,3998.71,Travel
2024-12-14 19:26:16,Uber Ride,1311.86,Travel
2024-09-24 20:45:40,IMPS Transfer,1444.73,Transfer
2025-03-22 23:53:56,House Rent,3001.81,Rent
2024-12-17 12:00:05,IMPS Transfer,2777.21,Transfer
2024-07-25 02:53:29,Monthly Salary,1164.02,Salary
2024-08-21 12:55:20,ATM Withdrawal,4366.87,Others
2024-11-03 12:12:58,Train Ticket ID:54424,965.38,Travel
2025-02-13 04:28:10,House Rent,878.84,Rent
2025-05-12 11:47:25,Cash Withdrawal,2785.58,Others
2024-12-09 11:09:59,House Rent,2506.78,Rent
2024-10-26 05:26:21,Monthly Salary,4711.55,Salary
2025-07-01 22:16:15,Monthly Salary,1374.22,Salary
2024-09-22 09:15:42,Monthly Salary,4743.44,Salary
2024-09-20 07:31:03,Flipkart Purchase,4515.69,Shopping
2025-05-29 08:09:40,Monthly Salary,977.23,Salary
2024-10-14 17:39:28,Hotel Booking,1805.83,Travel
2025-06-23 17:49:34,Restaurant Bill,4570.63,Food
2025-02-16 01:46:12,Ola Ride,2296.18,Travel
2025-04-29 04:19:24,House Rent,3120.05,Rent
2025-03-27 00:15:59,Restaurant Bill,4485.31,Food
2024-10-28 05:07:00,Pizza Hut ID:43006,1446.15,Food
2024-09-03 19:24:01,Myntra Shopping ID:90803,210.22,Shopping
2024-07-29 11:46:57,Dmart,690.69,Shopping
2024-10-29 04:01:05,Restaurant Bill,2993.65,Food
2024-10-06 09:10:18,Zara Store,774.58,Shopping
2025-04-09 19:16:58,Monthly Salary,880.01,Salary
2024-09-09 01:18:55,Monthly Salary ID:68037,2607.46,Salary
2025-03-25 01:07:52,Cash Withdrawal ID:65081,4777.17,Others
2025-04-01 04:22:39,House Rent ID:72897,2471.09,Rent
2025-06-27 10:49:01,House Rent,3752.56,Rent
2024-08-30 11:49:16,Myntra Shopping,2583.66,Shopping
2024-07-23 00:05:06,Zara Store,3989.45,Shopping
2024-12-01 05:29:45,IMPS Transfer,395.06,Transfer
2024-08-29 14:11:45,Miscellaneous Expense ID:20659,122.84,Others
2024-08-22 16:32:58,Cash Withdrawal,3202.37,Others
2024-10-28 02:17:13,IMPS Transfer,2552.8,Transfer
2025-07-10 00:43:10,Bus Ticket,537.51,Travel
2025-05-25 20:55:55,UPI Transfer ID:28224,2563.24,Transfer
2024-08-22 05:29:36,McDonald's,422.16,Food
2025-07-05 04:13:58,Miscellaneous Expense,345.55,Others
2024-11-25 12:33:07,UPI Transfer ID:91452,2922.75,Transfer
2025-07-08 08:21:43,House Rent,1784.43,Rent
2024-08-12 22:59:22,Restaurant Bill ID:89080,1563.65,Food
2025-05-24 20:29:20,Bank Transfer,4077.74,Transfer
2024-09-22 09:16:31,Zomato Order,788.73,Food
2025-06-13 08:47:06,Flipkart Purchase ID:69668,4692.31,Shopping
2024-09-15 06:11:44,Amazon Purchase,1076.12,Shopping
2024-10-17 08:34:11,Cash Withdrawal,2989.2,Others
2025-06-04 19:25:05,Pizza Hut,818.69,Food
2025-05-10 19:19:59,Miscellaneous Expense,4293.97,Others
2025-02-08 03:29:55,IMPS Transfer ID:93380,3028.17,Transfer
2025-05-04 11:17:19,House Rent,1017.85,Rent
2025-05-17 13:51:25,Bank Transfer,1296.44,Transfer
2025-07-03 00:35:17,Goibibo,2617.66,Travel
2024-09-07 10:26:49,Zara Store,3801.41,Shopping
2025-01-05 11:38:29,Miscellaneous Expense ID:47142,495.54,Others
2025-05-13 19:40:39,Hotel Booking,2967.34,Travel
2025-03-20 04:33:54,IMPS Transfer,2111.6,Transfer
2025-05-15 08:59:27,Flipkart Purchase ID:20948,4913.96,Shopping
2025-05-02 06:34:55,Flight Ticket ID:80351,4871.45,Travel
2024-12-03 04:10:44,Flight Ticket ID:10370,4766.55,Travel
2024-09-12 07:04:39,Bank Transfer ID:62463,351.22,Transfer
2025-02-07 13:50:23,Swiggy Order,2589.36,Food
2025-03-06 05:58:30,Miscellaneous Expense,2270.44,Others
2025-06-09 09:16:36,Goibibo,476.53,Travel
2025-07-05 10:08:05,Myntra Shopping,4911.29,Shopping
2025-05-02 04:55:17,Bank Transfer,4501.59,Transfer
2024-09-10 13:34:36,Bank Transfer,3466.21,Transfer
2025-06-28 04:56:59,Miscellaneous Expense,2046.84,Others
2024-10-30 19:55:59,Bank Transfer,1845.98,Transfer
2024-10-05 23:49:32,Pizza Hut,3428.58,Food
2024-11-15 21:30:53,Monthly Salary,3785.19,Salary
2024-11-14 14:24:07,House Rent,4529.02,Rent
2025-02-18 07:30:59,Uber Ride ID:53576,4952.6,Travel
2024-09-06 14:45:53,UPI Transfer,4899.94,Transfer
2025-03-18 11:23:45,Cash Withdrawal,1749.04,Others
2024-10-10 15:08:32,Zomato Order ID:88405,4221.24,Food
2025-02-23 14:17:04,Big Bazaar,336.12,Shopping
2025-06-12 14:41:12,Flipkart Purchase,4743.42,Shopping
2025-04-21 20:21:47,House Rent ID:44879,4467.99,Rent
2025-03-11 21:47:39,Monthly Salary,1668.43,Salary
2025-03-04 17:17:15,H&M Store ID:79430,3319.15,Shopping
2025-04-15 17:42:11,ATM Withdrawal,3416.39,Others
2025-01-03 00:57:10,Zara Store,1865.87,Shopping
2025-05-28 19:06:26,Flipkart Purchase,4324.06,Shopping
2024-12-04 21:29:00,Monthly Salary ID:95978,1993.06,Salary
2025-06-03 13:48:23,Monthly Salary,2661.47,Salary
2024-12-13 14:37:02,House Rent,3175.76,Rent
2024-09-14 17:49:29,Restaurant Bill,2030.12,Food
2025-01-27 22:06:15,Monthly Salary,291.05,Salary
2025-01-21 19:52:28,Big Bazaar,3801.21,Shopping
2025-04-15 14:01:33,McDonald's,2275.3,Food
2024-09-17 12:32:44,Restaurant Bill,2776.2,Food
2025-02-08 16:09:39,IMPS Transfer,3582.61,Transfer
2025-03-21 16:58:03,Dmart,656.78,Shopping
2025-07-20 02:40:54,IMPS Transfer,1618.59,Transfer
2024-12-25 05:42:06,UPI Transfer,2217.66,Transfer
2025-01-29 07:33:40,Monthly Salary,3286.38,Salary
2025-03-07 13:38:36,ATM Withdrawal,3133.77,Others
2024-12-26 01:19:30,IMPS Transfer ID:42642,3826.24,Transfer
2025-03-22 06:10:52,Myntra Shopping,3724.05,Shopping
2024-09-20 05:28:07,House Rent,4815.42,Rent
2024-12-11 14:23:07,House Rent,2367.87,Rent
2025-01-31 20:10:16,House Rent,4198.61,Rent
2024-12-15 08:35:16,ATM Withdrawal,4785.59,Others
2025-04-11 17:31:00,Cash Withdrawal,2436.19,Others
2025-07-20 09:54:46,Monthly Salary,4460.61,Salary
2025-03-13 01:38:53,Miscellaneous Expense ID:57217,1074.79,Others
2024-11-27 06:49:55,Cash Withdrawal,949.07,Others
2025-04-07 04:01:21,House Rent,3406.77,Rent
2024-11-19 11:01:11,Swiggy Order,4078.45,Food
2024-11-20 04:44:26,House Rent ID:50966,2547.81,Rent
2025-01-31 21:36:26,ATM Withdrawal,809.45,Others
2025-06-25 16:36:38,ATM Withdrawal,1958.56,Others
2024-07-31 12:17:53,Dmart,3765.31,Shopping
2024-12-26 21:36:03,Dmart,4844.88,Shopping
2024-11-07 10:16:07,Dominos Pizza ID:79652,2259.6,Food
2024-09-16 11:56:13,Hotel Booking,708.75,Travel
2025-07-07 12:49:21,Monthly Salary,3680.73,Salary
2025-05-03 03:56:05,House Rent,3145.23,Rent
2024-11-01 09:01:56,House Rent,3710.62,Rent
2024-12-08 17:58:42,House Rent,3488.93,Rent
2025-02-21 01:46:21,Monthly Salary,2337.4,Salary
2025-05-24 03:09:52,House Rent,1017.6,Rent
2025-06-20 14:01:06,Miscellaneous Expense ID:83062,2016.44,Others
2025-04-07 05:51:49,Flipkart Purchase ID:87388,1682.87,Shopping
2024-12-27 21:33:32,ATM Withdrawal,425.36,Others
2024-12-21 06:12:03,Goibibo,2585.97,Travel
2024-08-10 20:25:58,Monthly Salary ID:27787,383.81,Salary
2025-06-23 16:23:33,Monthly Salary,2440.98,Salary
2025-07-04 18:36:44,ATM Withdrawal ID:66543,4160.94,Others
2025-04-20 17:56:14,Zomato Order,1162.28,Food
2024-09-28 10:38:06,Cash Withdrawal ID:75097,3328.19,Others
2024-08-23 15:45:33,Flipkart Purchase,630.75,Shopping
2025-06-11 16:46:11,H&M Store,171.79,Shopping
2025-01-11 20:20:55,House Rent,1903.89,Rent
2024-08-25 02:37:44,Uber Ride ID:72404,3110.22,Travel
2024-10-12 11:37:09,Monthly Salary ID:51357,4780.16,Salary
2025-03-02 00:54:21,Amazon Purchase ID:91104,4373.43,Shopping
2024-08-05 04:37:03,Cash Withdrawal,4251.35,Others
2024-09-21 22:42:48,H&M Store,2322.38,Shopping
2025-02-27 11:34:50,House Rent ID:57156,987.72,Rent
2025-06-13 13:54:32,McDonald's,4510.75,Food
2024-10-16 22:30:19,Flight Ticket ID:94987,1279.85,Travel
2025-05-19 07:02:56,Monthly Salary,886.2,Salary
2024-11-03 18:44:03,House Rent,3783.99,Rent
2025-07-05 10:38:54,House Rent,4660.05,Rent
2024-09-22 11:00:34,Monthly Salary,3732.92,Salary
2025-03-24 15:32:50,House Rent,309.89,Rent
2025-01-29 03:22:57,Miscellaneous Expense ID:65654,386.56,Others
2025-03-09 10:40:56,Ola Ride,2048.05,Travel
2025-06-03 01:20:54,Cafe Coffee Day,1362.56,Food
2025-05-02 19:48:50,Miscellaneous Expense,1345.42,Others
2025-03-30 21:03:54,Monthly Salary ID:70916,3271.36,Salary
2024-11-04 07:46:48,Flipkart Purchase,1399.81,Shopping
2024-12-30 19:25:02,Big Bazaar,3521.56,Shopping
2025-03-13 13:06:14,Cash Withdrawal,4950.55,Others
2025-04-04 06:04:48,Bank Transfer,1225.28,Transfer
2025-07-10 01:29:45,Monthly Salary,4801.9,Salary
2025-04-26 23:25:42,Zomato Order,3034.09,Food
2025-02-16 18:40:00,Miscellaneous Expense ID:73890,3459.29,Others
2024-11-04 07:50:23,IMPS Transfer,1594.51,Transfer
2025-02-11 14:55:58,Monthly Salary,4970.63,Salary
2025-06-15 20:20:05,Bank Transfer ID:74728,2184.89,Transfer
2024-11-18 07:03:29,Miscellaneous Expense,625.04,Others
2024-10-17 02:54:13,Pizza Hut,4226.0,Food
2024-11-27 22:04:29,Monthly Salary ID:78697,1432.55,Salary
2025-05-05 17:11:32,McDonald's,4852.72,Food
2025-01-24 01:41:41,House Rent,4249.67,Rent
2024-11-21 16:11:09,Monthly Salary ID:99405,3290.69,Salary
2025-01-31 22:05:22,Swiggy Order,2493.48,Food
2024-12-17 07:50:10,ATM Withdrawal ID:75196,3482.87,Others
2025-03-12 18:24:18,IMPS Transfer,2092.66,Transfer
2025-05-01 12:16:45,Monthly Salary ID:28215,4142.09,Salary
2024-08-20 20:10:30,Amazon Purchase ID:86158,2753.34,Shopping
2025-01-24 19:37:02,Monthly Salary ID:15056,2923.11,Salary
2024-08-22 11:08:43,Cash Withdrawal,3503.5,Others
2025-06-21 22:14:35,Ola Ride,4207.66,Travel
2024-12-11 20:55:00,Hotel Booking ID:84268,1128.86,Travel
2025-03-30 02:16:48,Pizza Hut ID:30410,690.03,Food
2024-09-06 17:31:07,Swiggy Order ID:81369,1455.03,Food
2025-05-05 23:05:22,H&M Store,4538.44,Shopping
2025-02-16 07:10:59,Miscellaneous Expense ID:74438,635.1,Others
2024-09-04 09:13:10,House Rent,605.93,Rent
2025-03-23 17:10:23,Monthly Salary ID:21623,1136.0,Salary
2025-04-06 20:00:32,Miscellaneous Expense,3925.94,Others
2024-08-16 03:14:52,Myntra Shopping ID:87467,2266.49,Shopping
2024-11-30 16:50:04,Monthly Salary,1154.84,Salary
2024-12-16 23:47:58,Restaurant Bill ID:16349,2745.53,Food
2024-09-22 00:33:35,Restaurant Bill,4815.7,Food
2025-04-21 02:09:35,Miscellaneous Expense ID:61718,2884.79,Others
2024-08-24 19:24:12,MakeMyTrip,571.32,Travel
2025-06-05 23:59:33,Goibibo,2828.42,Travel
2024-09-11 16:56:10,Miscellaneous Expense,229.05,Others
2025-07-10 04:14:25,Cash Withdrawal,3115.27,Others
2024-08-20 22:43:47,House Rent,1263.59,Rent
2025-07-04 07:49:02,Amazon Purchase ID:59027,4645.78,Shopping
2025-03-31 22:07:00,House Rent,3765.06,Rent
2025-04-30 00:25:15,Dominos Pizza,1323.51,Food
2024-10-13 22:58:45,Bank Transfer,1924.52,Transfer
2025-06-24 19:14:59,Miscellaneous Expense ID:11608,865.99,Others
2025-06-23 06:09:42,Hotel Booking,2935.64,Travel
2024-12-18 21:17:25,Zara Store,3172.69,Shopping
2024-12-12 17:36:20,UPI Transfer,3276.53,Transfer
2024-08-09 12:43:13,McDonald's,1184.25,Food
2025-03-19 18:03:35,IMPS Transfer ID:51614,928.6,Transfer
2025-06-13 09:21:07,Miscellaneous Expense,2344.33,Others
2024-11-27 02:32:21,UPI Transfer,3698.45,Transfer
2025-07-14 06:25:54,Miscellaneous Expense,4257.02,Others
2025-05-08 12:45:04,Swiggy Order,316.96,Food
2024-09-16 21:56:56,Monthly Salary,4648.5,Salary
2024-12-09 22:07:35,Monthly Salary,694.54,Salary
2025-05-21 07:31:05,McDonald's,1507.22,Food
2024-12-12 23:59:18,Hotel Booking,1672.36,Travel
2025-03-26 22:46:57,UPI Transfer,269.98,Transfer
2025-06-16 01:39:35,IMPS Transfer,3387.83,Transfer
2025-03-03 14:01:18,Flight Ticket,2066.68,Travel
2024-08-07 08:41:56,House Rent,4906.11,Rent
2024-10-22 19:20:15,Bank Transfer,4928.95,Transfer
2024-08-08 13:20:24,House Rent,3549.73,Rent
2025-01-05 08:48:40,UPI Transfer,823.67,Transfer
2024-08-27 20:40:47,Monthly Salary,3416.09,Salary
2025-01-21 13:26:37,Restaurant Bill ID:29089,2036.91,Food
2025-01-03 17:34:13,H&M Store,2091.67,Shopping
2024-07-29 22:31:24,Monthly Salary,4655.22,Salary
2025-02-02 12:56:08,House Rent,2440.57,Rent
2025-01-11 00:08:33,Myntra Shopping,4920.98,Shopping
2024-11-25 06:34:52,Monthly Salary,4613.41,Salary
2025-05-18 14:14:27,Amazon Purchase,3902.93,Shopping
2024-09-17 06:42:10,Big Bazaar,3356.27,Shopping
2025-03-20 07:22:26,Miscellaneous Expense ID:17058,1308.37,Others
2024-11-03 04:06:27,Burger King,4054.77,Food
2024-10-30 17:19:18,H&M Store ID:63984,564.52,Shopping
2024-08-19 19:45:26,UPI Transfer,3496.79,Transfer
2024-11-13 16:07:55,Zomato Order ID:70754,4911.45,Food
2025-06-08 17:18:02,Monthly Salary,2687.05,Salary
2024-07-29 11:21:57,Burger King ID:19006,4793.42,Food
2024-10-23 17:21:08,Monthly Salary,2591.34,Salary
2024-09-07 08:25:10,House Rent ID:79764,1152.72,Rent
2024-10-18 17:10:44,Zara Store ID:73017,2751.42,Shopping
2024-09-26 10:29:15,House Rent,1289.83,Rent
2024-07-23 16:37:29,Cash Withdrawal ID:35099,1819.85,Others
2024-12-20 13:37:47,Flipkart Purchase,4326.56,Shopping
2024-09-09 16:29:48,Big Bazaar ID:73530,567.92,Shopping
2025-05-04 03:33:09,ATM Withdrawal,4752.5,Others
2024-10-27 08:22:28,ATM Withdrawal,4957.25,Others
2024-09-08 08:41:29,Bank Transfer,361.93,Transfer
2025-04-10 11:39:55,Flight Ticket,4498.46,Travel
2025-02-19 08:50:48,Dominos Pizza,151.19,Food
2024-12-18 18:00:32,ATM Withdrawal ID:41271,2104.49,Others
2024-12-02 23:00:08,ATM Withdrawal ID:44436,894.28,Others
2025-05-26 23:03:44,ATM Withdrawal,942.43,Others
2025-03-02 14:39:25,Burger King ID:20918,4065.07,Food
2025-01-06 17:27:45,IMPS Transfer,1510.04,Transfer
2024-08-17 20:44:35,IMPS Transfer ID:32442,2095.13,Transfer
2025-03-27 03:48:20,House Rent,1766.23,Rent
2025-05-08 01:47:01,House Rent,372.96,Rent
2025-03-02 23:09:42,Monthly Salary,1853.31,Salary
2024-12-14 08:06:34,House Rent,633.6,Rent
2025-02-15 12:08:18,Cash Withdrawal,1310.82,Others
2024-10-27 19:55:42,Goibibo,3920.47,Travel
2025-05-21 01:39:58,House Rent,4804.94,Rent
2025-01-05 09:45:22,Monthly Salary,4265.61,Salary
2025-03-04 16:10:50,UPI Transfer,4695.94,Transfer
2025-04-06 23:51:47,Dominos Pizza,4692.14,Food
2024-11-10 03:47:37,UPI Transfer,2665.2,Transfer
2024-12-13 21:14:14,House Rent,641.47,Rent
2025-01-29 13:01:53,Goibibo,4331.69,Travel
2025-04-21 01:21:55,IMPS Transfer,2539.16,Transfer
2024-10-16 18:17:45,Monthly Salary,162.47,Salary
2024-10-02 06:25:49,Restaurant Bill,3523.15,Food
2025-02-17 11:26:53,House Rent,575.57,Rent
2024-12-07 07:15:49,Amazon Purchase ID:90001,1770.16,Shopping
2024-09-25 19:14:16,Monthly Salary ID:98695,2768.33,Salary
2024-10-17 19:51:21,IMPS Transfer,4142.82,Transfer
2025-01-29 05:51:02,Goibibo,2837.31,Travel
2025-02-15 22:42:26,McDonald's,485.39,Food
2025-07-09 01:14:00,House Rent,4619.53,Rent
2025-05-19 08:28:30,Miscellaneous Expense,3809.34,Others
2024-09-18 21:25:47,House Rent ID:97871,1382.44,Rent
2025-06-13 04:31:49,House Rent,1810.33,Rent
2025-04-14 12:42:50,ATM Withdrawal ID:44881,3205.15,Others
2024-11-17 06:53:23,Monthly Salary,578.17,Salary
2025-02-09 22:33:10,Bank Transfer,3214.64,Transfer
2025-04-06 11:10:13,Zara Store,620.6,Shopping
2024-09-27 12:10:57,Monthly Salary ID:74570,1001.79,Salary
2025-05-31 16:37:57,Dmart,4325.79,Shopping
2025-03-26 22:33:07,MakeMyTrip,1059.42,Travel
2025-01-07 12:49:52,Monthly Salary,461.86,Salary
2025-06-23 19:46:19,Pizza Hut,3092.61,Food
2024-12-21 04:24:26,H&M Store ID:27901,3689.74,Shopping
2024-08-27 08:49:24,House Rent,4629.45,Rent
2024-10-30 23:49:06,Bank Transfer ID:93370,4701.95,Transfer
2025-03-02 18:36:48,Hotel Booking,2610.95,Travel
2025-03-12 10:08:30,Zara Store,4201.27,Shopping
2025-04-26 07:44:47,Cash Withdrawal,2419.76,Others
2024-11-24 07:23:42,House Rent,2139.46,Rent
2025-03-22 16:40:46,Hotel Booking,3153.2,Travel
2025-07-08 13:48:52,McDonald's,4330.58,Food
2025-03-31 22:04:45,Zomato Order ID:58365,3104.58,Food
2024-10-06 17:28:38,Cash Withdrawal,3575.54,Others
2024-11-27 16:07:52,Monthly Salary ID:99580,4512.39,Salary
2024-10-12 06:24:29,Monthly Salary,4024.79,Salary
2024-08-25 03:16:10,Dmart,1317.5,Shopping
2024-08-07 03:22:56,Zara Store,2349.79,Shopping
2025-04-29 17:52:57,H&M Store ID:21726,3716.77,Shopping
2025-05-03 12:27:12,Ola Ride ID:59716,1588.51,Travel
2024-08-07 04:34:36,Dmart,2483.57,Shopping
2025-07-10 15:43:31,Monthly Salary ID:23504,4339.42,Salary
2025-06-11 17:16:48,Monthly Salary ID:37011,3163.57,Salary
2024-08-01 18:19:29,Myntra Shopping,282.39,Shopping
2025-07-12 21:07:56,McDonald's,3556.11,Food
2025-01-12 12:20:32,IMPS Transfer ID:10095,4813.51,Transfer
2025-05-25 09:25:54,Monthly Salary ID:21090,3682.4,Salary
2025-04-11 04:14:32,Monthly Salary ID:45340,966.14,Salary
2025-04-04 18:23:10,IMPS Transfer,2167.41,Transfer
2024-08-22 23:10:46,House Rent ID:42265,3316.13,Rent
2024-10-15 16:20:55,Amazon Purchase,4827.96,Shopping
2024-11-01 05:00:27,Train Ticket,2797.99,Travel
2025-07-19 03:30:13,Monthly Salary,1721.22,Salary
2025-02-03 13:16:37,ATM Withdrawal,767.1,Others
2024-08-12 02:23:38,Hotel Booking,184.33,Travel
2025-05-13 16:17:06,House Rent ID:87795,3975.61,Rent
2025-05-19 04:27:33,Zara Store,747.77,Shopping
2024-11-12 07:28:22,Monthly Salary ID:70470,4881.53,Salary
2025-01-15 14:34:08,Monthly Salary,304.43,Salary
2024-08-08 05:35:22,Monthly Salary,1502.68,Salary
2024-12-07 16:35:34,House Rent ID:24049,3372.45,Rent
2025-06-21 22:28:48,Miscellaneous Expense ID:88288,4380.74,Others
2024-08-13 19:24:50,Goibibo,4236.99,Travel
2025-01-09 11:40:14,Monthly Salary,3318.42,Salary
2024-10-10 17:55:54,IMPS Transfer ID:64855,2549.62,Transfer
2025-06-20 16:38:07,Monthly Salary ID:61579,1223.14,Salary
2024-07-27 21:30:39,Monthly Salary,3822.88,Salary
2024-12-11 14:38:43,Hotel Booking,1404.74,Travel
2024-07-28 13:26:09,House Rent,4422.45,Rent
2024-08-06 20:00:40,Swiggy Order ID:99891,784.3,Food
2025-06-04 12:55:39,House Rent,2264.15,Rent
2025-05-20 10:00:24,Monthly Salary ID:42123,2508.55,Salary
2024-12-10 19:35:25,Cafe Coffee Day,692.84,Food
2024-10-26 12:50:18,Dmart,3280.87,Shopping
2025-07-06 18:37:53,ATM Withdrawal,178.6,Others
2024-08-03 19:03:03,UPI Transfer,4181.92,Transfer
2024-12-26 04:03:37,Monthly Salary,4747.84,Salary
2025-02-05 09:20:55,Restaurant Bill,2283.41,Food
2024-10-14 12:04:57,Monthly Salary,3683.26,Salary
2025-01-30 13:18:16,House Rent,630.81,Rent
2025-05-31 03:21:22,Miscellaneous Expense ID:83652,3169.37,Others
2024-11-18 07:52:53,Monthly Salary,2139.91,Salary
2025-07-11 22:20:00,Monthly Salary,4889.59,Salary
2025-06-10 18:41:31,ATM Withdrawal ID:17532,3493.6,Others
2025-04-08 01:53:28,House Rent,4160.54,Rent
2024-12-26 08:32:30,Zomato Order,534.96,Food
2024-11-25 13:37:20,H&M Store,4341.91,Shopping
2025-05-27 21:56:42,Big Bazaar,1068.38,Shopping
2025-01-28 00:49:07,Cash Withdrawal,2970.2,Others
2024-08-26 06:58:51,Monthly Salary,4508.76,Salary
2025-02-15 23:57:49,Hotel Booking,2572.23,Travel
2024-08-14 15:07:18,House Rent ID:93132,772.88,Rent
2025-03-07 23:32:30,IMPS Transfer,1986.71,Transfer
2024-12-14 08:35:27,UPI Transfer,508.28,Transfer
2025-06-02 01:16:44,IMPS Transfer,2491.62,Transfer
2025-01-15 20:39:02,House Rent ID:86648,1739.0,Rent
2025-02-06 15:01:12,Hotel Booking,4303.65,Travel
2024-10-04 09:40:45,Amazon Purchase,305.15,Shopping
2024-07-23 20:38:49,UPI Transfer ID:88544,948.12,Transfer
2024-10-28 23:49:45,House Rent,3695.33,Rent
2024-07-29 20:45:09,Hotel Booking,4621.84,Travel
2025-03-15 07:33:23,Monthly Salary,4709.29,Salary
2025-03-01 22:12:58,Bank Transfer,4321.04,Transfer
2024-09-19 14:34:49,Miscellaneous Expense,2679.5,Others
2024-08-21 04:43:30,House Rent,780.51,Rent
2025-07-20 01:58:46,IMPS Transfer ID:27952,1832.83,Transfer
2025-02-25 09:19:43,MakeMyTrip,1134.28,Travel
2024-08-12 14:16:24,Bank Transfer ID:51482,2686.7,Transfer
2025-01-15 05:58:50,House Rent,4524.72,Rent
2025-04-01 21:59:42,Monthly Salary,968.07,Salary
2025-06-21 23:51:26,Burger King,3796.5,Food
2024-12-31 12:15:51,Cafe Coffee Day ID:45412,2239.17,Food
2025-06-06 14:50:48,House Rent ID:39281,4029.37,Rent
2024-10-04 03:02:40,Restaurant Bill,2894.76,Food
2024-12-21 16:50:10,Monthly Salary,796.27,Salary
2024-09-08 13:29:37,Monthly Salary ID:22841,2237.26,Salary
2024-11-11 21:39:19,Goibibo,2258.79,Travel
2025-03-07 20:49:00,Monthly Salary,1336.98,Salary
2025-03-09 02:19:36,Dominos Pizza,2104.5,Food
2025-07-04 06:33:33,Amazon Purchase,2226.11,Shopping
2024-12-18 11:26:07,Goibibo,1738.49,Travel
2025-04-22 01:55:15,Bank Transfer,222.89,Transfer
2024-08-30 10:02:53,Amazon Purchase ID:95170,4621.03,Shopping
2025-02-03 01:07:16,Bus Ticket ID:36058,1720.11,Travel
2024-12-16 06:54:28,Cash Withdrawal,684.7,Others
2024-12-17 06:08:39,Swiggy Order ID:30808,2128.46,Food
2024-08-01 11:22:27,House Rent,3470.76,Rent
2025-02-16 03:02:11,Big Bazaar,3330.88,Shopping
2025-07-15 07:56:13,Big Bazaar,4230.31,Shopping
2025-04-02 04:05:27,House Rent,1276.64,Rent
2024-07-29 09:12:38,Dmart,1721.45,Shopping
2024-07-24 23:06:44,Hotel Booking ID:21936,2657.94,Travel
2024-12-04 14:12:49,McDonald's,2168.02,Food
2025-07-11 10:02:14,Ola Ride,1680.83,Travel
2024-09-10 22:28:45,ATM Withdrawal,3392.71,Others
2025-06-04 22:44:36,Dmart,2785.46,Shopping
2025-06-14 22:17:37,Miscellaneous Expense,829.11,Others
2025-02-14 12:05:23,Flight Ticket,139.23,Travel
2025-06-07 23:53:57,Dominos Pizza,2088.57,Food
2024-09-28 06:55:27,Myntra Shopping,3011.74,Shopping
2025-04-15 12:33:43,Monthly Salary,4651.66,Salary
2025-06-16 00:53:47,Monthly Salary ID:54679,2331.62,Salary
2024-09-16 21:21:25,H&M Store,3251.45,Shopping
2024-12-11 22:22:50,Monthly Salary ID:77023,2747.73,Salary
2025-01-12 17:16:19,Miscellaneous Expense,3324.17,Others
2024-12-01 06:27:02,UPI Transfer ID:26466,1635.08,Transfer
2024-12-02 06:47:55,H&M Store ID:13478,2799.91,Shopping
2025-01-25 10:58:29,Hotel Booking,3209.92,Travel
2025-06-15 12:22:08,Hotel Booking,1187.55,Travel
2024-09-02 18:21:52,House Rent,663.61,Rent
2024-09-17 23:07:02,IMPS Transfer,3476.5,Transfer
2025-06-07 08:52:51,Burger King,2813.1,Food
2024-10-18 23:54:29,UPI Transfer,3813.09,Transfer
2024-12-05 14:59:18,Monthly Salary,2928.69,Salary
2024-12-20 04:30:04,McDonald's,4576.55,Food
2025-06-26 00:09:37,Goibibo,4647.9,Travel
2024-07-24 05:21:06,IMPS Transfer,168.42,Transfer
2025-02-24 18:39:07,Big Bazaar,4770.77,Shopping
2024-08-19 22:54:22,Miscellaneous Expense,1373.97,Others
2025-03-10 15:41:43,Monthly Salary ID:90175,1163.83,Salary
2025-06-04 23:46:43,IMPS Transfer,2875.99,Transfer
2024-11-25 07:25:19,UPI Transfer ID:64190,3660.09,Transfer
2025-01-08 23:52:32,Flight Ticket,3317.49,Travel
2024-11-22 13:19:49,Big Bazaar,1960.12,Shopping
2025-01-21 18:25:01,Monthly Salary,3088.36,Salary
2025-03-28 03:51:51,Restaurant Bill,2896.44,Food
2025-02-22 05:11:48,Miscellaneous Expense ID:85482,637.34,Others
2024-12-29 02:04:57,Flipkart Purchase ID:74086,3970.68,Shopping
2025-03-31 11:56:38,Monthly Salary ID:79077,2163.79,Salary
2024-10-02 07:44:24,House Rent ID:55191,4036.79,Rent
2025-01-07 02:58:45,House Rent ID:38558,300.97,Rent
2024-12-25 06:18:22,Monthly Salary,4920.14,Salary
2025-05-24 23:21:39,UPI Transfer ID:97826,2760.29,Transfer
2024-10-20 05:36:01,House Rent,2507.87,Rent
2025-07-08 21:25:35,Monthly Salary ID:67852,3473.17,Salary
2025-01-25 07:33:04,Monthly Salary,685.02,Salary
2025-04-29 17:15:54,Flight Ticket,4201.02,Travel
2024-11-15 11:58:14,Train Ticket,1148.28,Travel
2025-06-29 17:08:33,ATM Withdrawal,3281.96,Others
2025-07-04 23:09:58,Goibibo,277.71,Travel
2025-04-03 06:45:25,Monthly Salary,826.77,Salary
2025-03-08 13:13:26,Monthly Salary ID:23945,2782.42,Salary
2024-09-10 08:13:42,IMPS Transfer,3181.93,Transfer
2024-08-25 00:46:55,Cash Withdrawal ID:28985,572.12,Others
2024-09-01 04:32:02,H&M Store,4790.06,Shopping
2024-10-29 01:48:41,Cash Withdrawal ID:20762,3562.39,Others
2025-05-06 22:30:35,Restaurant Bill ID:21424,3916.1,Food
2024-12-04 04:22:31,Goibibo,478.3,Travel
2025-04-05 04:31:11,Bank Transfer,2178.73,Transfer
2025-07-08 22:38:40,UPI Transfer ID:12728,3040.57,Transfer
2025-01-24 17:09:39,Ola Ride,3813.12,Travel
2024-08-29 08:15:09,Uber Ride,1510.52,Travel
2024-11-26 15:52:20,Monthly Salary ID:79502,1723.44,Salary
2025-03-10 07:36:21,House Rent ID:89998,1084.21,Rent
2025-03-20 22:53:48,Monthly Salary,1448.97,Salary
2024-11-30 14:27:22,House Rent,4794.15,Rent
2025-02-04 02:34:47,House Rent,1019.37,Rent
2025-02-22 06:32:58,Hotel Booking,4577.09,Travel
2025-06-12 09:59:50,Monthly Salary,840.05,Salary
2024-09-05 21:28:55,Train Ticket,2466.9,Travel
2024-08-20 23:59:17,House Rent,3890.62,Rent
2025-01-22 00:47:25,H&M Store,1624.79,Shopping
2025-05-09 09:46:32,Bus Ticket,1566.66,Travel
2025-03-28 01:03:51,Monthly Salary ID:64401,3667.11,Salary
2024-12-01 07:27:02,Flipkart Purchase,3176.12,Shopping
2025-04-09 21:05:20,Burger King ID:42276,2505.84,Food
2024-11-15 18:22:57,Goibibo,4710.28,Travel
2025-03-12 19:34:18,House Rent ID:67669,381.54,Rent
2025-02-13 11:42:44,ATM Withdrawal ID:72342,528.98,Others
2025-03-21 04:17:25,Burger King,2205.88,Food
2024-10-27 00:22:15,Bus Ticket,2504.43,Travel
2024-12-21 11:20:19,Cash Withdrawal,2100.25,Others
2024-10-03 17:22:57,Goibibo,2259.0,Travel
2024-12-10 22:51:40,Bus Ticket,4806.65,Travel
2024-08-05 05:12:28,Flipkart Purchase,960.44,Shopping
2025-06-26 22:30:38,Cash Withdrawal ID:75043,3001.8,Others
2025-02-13 01:03:46,UPI Transfer,3542.37,Transfer
2025-02-07 18:48:51,Zara Store,1986.43,Shopping
2025-05-07 10:22:10,IMPS Transfer,1090.56,Transfer
2024-10-18 15:54:53,Amazon Purchase,1053.82,Shopping
2025-03-02 13:28:28,UPI Transfer,2378.8,Transfer
2024-11-15 13:43:30,Cafe Coffee Day ID:34609,331.62,Food
2025-03-09 15:51:30,Monthly Salary,1997.08,Salary
2025-02-17 03:26:54,House Rent,3098.47,Rent
2024-08-08 18:16:13,House Rent,3766.74,Rent
2025-02-11 08:37:54,Cash Withdrawal,4390.87,Others
2025-06-21 00:07:21,Monthly Salary,221.86,Salary
2024-11-07 10:42:12,House Rent,1512.14,Rent
2025-01-25 05:17:00,House Rent,2375.48,Rent
2024-09-02 21:49:49,ATM Withdrawal,2371.58,Others
2025-01-12 11:15:25,IMPS Transfer,1790.79,Transfer
2025-07-18 23:41:59,McDonald's,1688.81,Food
2025-01-27 06:40:45,ATM Withdrawal ID:13213,1627.01,Others
2025-05-12 00:58:38,IMPS Transfer ID:18115,2792.02,Transfer
2024-11-30 12:10:41,Zara Store,4194.92,Shopping
2025-02-03 07:15:24,Hotel Booking,4909.77,Travel
2025-02-16 07:56:55,House Rent,4936.56,Rent
2024-12-23 19:07:46,ATM Withdrawal,954.37,Others
2025-03-09 22:40:48,Bank Transfer,787.52,Transfer
2024-09-11 03:59:48,Pizza Hut ID:11867,2712.85,Food
2025-01-31 00:08:30,Cafe Coffee Day ID:10217,1665.41,Food
2025-07-12 10:46:38,Amazon Purchase,1659.35,Shopping
2025-04-30 01:28:55,House Rent,2174.81,Rent
2024-10-27 10:39:31,Cafe Coffee Day,1480.49,Food
2024-09-17 16:08:13,Monthly Salary,4462.55,Salary
2024-10-22 00:36:56,McDonald's,4974.5,Food
2025-02-05 12:04:01,Big Bazaar ID:22262,3314.64,Shopping
2024-08-11 02:22:34,Flipkart Purchase,214.08,Shopping
2025-05-07 21:00:07,Bank Transfer,4779.93,Transfer
2025-05-29 01:58:20,UPI Transfer,2492.01,Transfer
2024-09-29 19:18:51,Burger King,1498.75,Food
2025-06-01 18:04:50,Monthly Salary,3401.79,Salary
2024-10-30 11:26:50,Monthly Salary ID:36935,1417.38,Salary
2024-12-03 10:44:02,Pizza Hut ID:80444,2016.05,Food
2024-12-04 06:06:13,Cash Withdrawal,3190.46,Others
2024-07-29 10:21:19,Monthly Salary ID:32796,1158.5,Salary
2025-05-06 15:35:21,House Rent,2994.49,Rent
2025-02-11 02:12:33,Miscellaneous Expense,2289.92,Others
2024-09-09 19:56:13,ATM Withdrawal ID:31147,3685.97,Others
2024-10-13 08:27:30,ATM Withdrawal,3557.89,Others
2025-03-02 20:45:46,Burger King,4641.32,Food
2025-01-19 11:50:19,Miscellaneous Expense,4098.77,Others
2025-05-18 21:33:11,Hotel Booking,1676.72,Travel
2025-01-19 15:07:06,Myntra Shopping ID:27334,1597.33,Shopping
2025-06-05 18:29:25,Monthly Salary,4843.17,Salary
2024-08-14 09:12:26,Monthly Salary,3410.9,Salary
2025-02-20 21:25:39,H&M Store,4855.56,Shopping
2025-05-26 06:08:26,Monthly Salary,4027.95,Salary
2024-09-18 10:49:12,Big Bazaar ID:71175,4961.91,Shopping
2025-06-15 14:10:50,Monthly Salary,3819.97,Salary
2025-06-03 09:52:25,Dmart,1133.31,Shopping
2025-02-07 11:05:58,ATM Withdrawal,2752.13,Others
2024-12-06 22:53:58,Flight Ticket,2002.64,Travel
2024-11-17 07:44:13,Flight Ticket,1459.08,Travel
2024-08-05 22:08:08,MakeMyTrip,4235.02,Travel
2025-05-12 19:31:11,Pizza Hut,4544.69,Food
2024-12-26 13:55:45,House Rent,3199.57,Rent
2024-12-13 23:20:54,Monthly Salary,340.89,Salary
2024-08-12 10:27:12,Dominos Pizza,2340.49,Food
2025-06-01 14:02:27,Big Bazaar ID:15616,3170.57,Shopping
2025-01-17 22:14:52,Monthly Salary,1382.31,Salary
2025-03-31 12:23:11,IMPS Transfer,332.88,Transfer
2025-02-12 17:02:36,Flipkart Purchase,1677.35,Shopping
2024-09-23 01:06:10,ATM Withdrawal,2738.22,Others
2024-11-07 06:27:26,Hotel Booking,1590.93,Travel
2025-04-03 14:42:24,Pizza Hut,3381.14,Food
2024-12-31 16:00:40,Burger King,2658.27,Food
2024-09-14 17:51:12,Monthly Salary ID:11667,932.76,Salary
2024-11-15 17:20:08,MakeMyTrip,4550.34,Travel
2025-01-13 12:24:10,Ola Ride ID:59373,3270.1,Travel
2024-08-25 13:05:49,Pizza Hut,3152.08,Food
2024-12-03 16:58:33,Amazon Purchase,2304.44,Shopping
2025-03-23 14:58:41,McDonald's,4698.39,Food
2025-07-11 12:21:25,Flight Ticket ID:30511,2206.12,Travel
2024-08-27 13:07:40,Bank Transfer,4394.6,Transfer
2024-10-11 22:20:05,Goibibo,1846.82,Travel
2024-09-23 21:02:49,Zomato Order,3694.99,Food
2024-12-19 23:38:09,Cash Withdrawal,4594.92,Others
2024-11-24 18:39:01,Ola Ride,4763.79,Travel
2024-08-19 12:53:14,Cash Withdrawal ID:35027,2169.33,Others
2025-01-24 01:19:55,Dmart,2934.11,Shopping
2025-03-04 01:58:01,House Rent ID:44799,2122.73,Rent
2025-02-18 18:17:08,MakeMyTrip,763.24,Travel
2025-06-08 15:19:54,Myntra Shopping,537.93,Shopping
2024-10-26 23:22:16,Myntra Shopping,615.75,Shopping
2024-09-05 18:30:10,Monthly Salary,2458.61,Salary
2025-01-21 13:47:42,Train Ticket,2580.03,Travel
2025-02-22 23:56:57,Amazon Purchase,1866.08,Shopping
2025-02-07 09:57:07,Flipkart Purchase,1233.96,Shopping
2024-09-15 14:02:17,IMPS Transfer,3359.7,Transfer
2024-11-10 21:15:58,Miscellaneous Expense,4220.57,Others
2024-08-29 09:10:01,Monthly Salary ID:63311,4383.39,Salary
2025-03-12 17:41:33,House Rent,2948.15,Rent
2025-04-14 02:26:32,House Rent,3592.83,Rent
2025-04-23 15:12:49,Bank Transfer,618.83,Transfer
2025-05-31 13:29:45,House Rent,2133.85,Rent
2024-07-28 02:22:04,House Rent,3541.81,Rent
2025-01-23 09:33:13,Monthly Salary ID:93976,3240.82,Salary
2025-07-13 07:20:06,Miscellaneous Expense,4772.85,Others
2024-11-02 16:51:47,Monthly Salary,2705.55,Salary
2024-09-24 22:14:58,Cash Withdrawal,1065.06,Others
2025-06-28 02:49:59,House Rent ID:19601,799.93,Rent
2024-09-27 19:09:16,Monthly Salary ID:77790,2672.1,Salary
2025-01-12 05:01:02,Pizza Hut,3173.99,Food
2025-06-29 10:18:07,IMPS Transfer ID:12852,3084.5,Transfer
2025-03-26 19:16:01,Monthly Salary,4193.53,Salary
2024-08-27 12:06:44,Flight Ticket,2998.72,Travel
2024-08-16 21:30:52,UPI Transfer,2124.7,Transfer
2024-08-02 15:53:07,Monthly Salary,4821.97,Salary
2024-07-28 03:47:05,Uber Ride,2152.51,Travel
2024-08-22 11:45:14,Ola Ride ID:62321,3850.23,Travel
2025-01-13 10:07:34,UPI Transfer,4319.37,Transfer
2024-12-11 19:38:25,Dmart,2180.62,Shopping
2025-06-01 08:13:28,ATM Withdrawal,289.87,Others
2025-05-29 03:27:03,Train Ticket ID:26328,4812.78,Travel
2025-02-10 08:56:11,House Rent,2422.95,Rent
2024-12-05 16:57:12,ATM Withdrawal,3115.72,Others
2025-01-29 21:54:57,Bank Transfer,3408.01,Transfer
2025-05-21 15:13:21,Cash Withdrawal,2941.63,Others
2025-03-21 11:42:26,House Rent,2535.25,Rent
2025-02-23 23:07:52,Pizza Hut,4874.11,Food
2025-01-07 03:49:20,Goibibo,1354.59,Travel
2024-09-07 22:56:08,Monthly Salary,3783.66,Salary
2024-09-04 09:07:20,IMPS Transfer,1980.05,Transfer
2025-03-06 21:26:19,UPI Transfer,2675.88,Transfer
2024-12-11 19:54:29,ATM Withdrawal,2934.58,Others
2025-07-16 10:30:58,Zara Store,3516.87,Shopping
2024-07-29 21:28:14,Burger King ID:80387,4331.89,Food
2024-12-23 07:44:24,House Rent,1740.3,Rent
2024-11-17 05:54:57,Zara Store,2504.92,Shopping
2024-08-07 11:56:39,Monthly Salary,1953.06,Salary
2024-09-13 08:30:22,Zara Store,2023.76,Shopping
2024-08-21 17:35:09,UPI Transfer,488.78,Transfer
2025-06-18 16:12:41,Monthly Salary,2618.54,Salary
2025-06-05 23:44:12,Miscellaneous Expense ID:15618,4813.55,Others
2025-06-18 08:15:33,Ola Ride,1438.94,Travel
2025-02-18 23:23:32,Flight Ticket ID:91397,1765.67,Travel
2025-04-22 11:37:36,Swiggy Order ID:67611,3353.02,Food
2024-07-29 04:44:02,Big Bazaar ID:42403,4435.81,Shopping
2024-07-29 03:28:21,H&M Store,774.89,Shopping
2025-05-10 15:31:29,Myntra Shopping,576.33,Shopping
2025-07-13 08:41:11,UPI Transfer ID:99392,1753.83,Transfer
2024-09-11 06:04:28,Zara Store ID:65416,4959.89,Shopping
2025-05-27 16:25:08,House Rent ID:25479,2084.11,Rent
2025-06-04 00:41:30,Hotel Booking,829.73,Travel
2024-12-17 09:09:44,ATM Withdrawal,447.92,Others
2025-06-22 21:46:29,Restaurant Bill,2897.79,Food
2025-03-08 00:32:59,Monthly Salary,4443.35,Salary
2024-08-24 16:58:22,House Rent,211.34,Rent
2025-02-08 18:36:45,Dominos Pizza,3807.12,Food
2024-10-04 04:31:28,Amazon Purchase,4159.21,Shopping
2024-08-19 04:58:37,Cash Withdrawal,2247.22,Others
2025-06-18 05:00:18,Cash Withdrawal ID:47300,1590.75,Others
2024-08-29 01:12:04,IMPS Transfer,3366.95,Transfer
2025-02-12 05:00:23,Monthly Salary ID:76865,2396.48,Salary
2024-09-23 19:06:35,ATM Withdrawal,4690.35,Others
2024-12-11 16:52:07,MakeMyTrip,3654.06,Travel
2024-11-30 09:58:52,Big Bazaar,3506.28,Shopping
2024-09-02 19:48:47,ATM Withdrawal,2560.73,Others
2025-03-10 16:22:59,IMPS Transfer,377.7,Transfer
2024-12-23 21:31:33,Monthly Salary ID:39574,4549.02,Salary
2024-10-19 22:03:47,Monthly Salary ID:31016,2527.27,Salary
2024-12-08 01:40:08,UPI Transfer,1686.85,Transfer
2025-07-05 08:00:17,UPI Transfer,2159.42,Transfer
2024-11-20 15:45:52,Bus Ticket,1075.58,Travel
2024-11-22 03:34:14,MakeMyTrip,1772.25,Travel
2025-02-14 06:01:42,ATM Withdrawal,331.74,Others
2025-07-02 08:18:06,Train Ticket ID:55854,3798.63,Travel
2025-03-22 03:39:59,House Rent,2097.16,Rent
2024-10-08 20:34:09,H&M Store,2184.43,Shopping
2024-11-12 21:30:10,Dmart,361.27,Shopping
2024-12-26 02:12:54,ATM Withdrawal ID:71751,3819.89,Others
2024-12-09 05:31:14,Ola Ride,4463.5,Travel
2024-08-19 22:25:23,Monthly Salary ID:23296,1582.79,Salary
2024-08-25 15:25:55,McDonald's,4981.49,Food
2025-02-26 04:37:31,Bus Ticket ID:56423,312.94,Travel
2024-12-03 04:22:32,MakeMyTrip,3269.87,Travel
2025-06-02 22:57:40,Pizza Hut ID:10817,4683.88,Food
2025-05-22 14:06:01,Miscellaneous Expense ID:69784,3247.08,Others
2024-09-17 17:57:41,Burger King,2648.96,Food
2024-11-23 22:42:33,Hotel Booking,2084.41,Travel
2024-11-09 09:15:07,Swiggy Order ID:33556,2329.56,Food
2024-10-03 09:41:13,House Rent,4802.56,Rent
2025-03-07 10:37:53,MakeMyTrip,1764.91,Travel
2024-08-16 10:20:12,Burger King,4311.07,Food
2025-05-04 15:43:10,Bank Transfer,2091.16,Transfer
2024-10-19 02:11:58,House Rent ID:14395,507.64,Rent
2024-08-12 01:33:23,Myntra Shopping,690.87,Shopping
2025-03-26 00:02:39,Restaurant Bill,3916.77,Food
2025-04-13 15:39:21,UPI Transfer ID:20198,1785.1,Transfer
2025-04-07 12:07:03,Dominos Pizza,291.58,Food
2025-01-05 07:58:48,Myntra Shopping ID:55693,2368.79,Shopping
2024-12-23 13:30:16,House Rent,3647.45,Rent
2025-01-24 13:03:48,MakeMyTrip,3049.43,Travel
2024-09-05 04:16:58,Bank Transfer,1408.35,Transfer
2024-10-19 22:47:27,IMPS Transfer,2678.36,Transfer
2025-06-29 16:29:28,Miscellaneous Expense,706.65,Others
2025-07-11 16:15:47,House Rent,4553.13,Rent
2024-08-09 13:57:00,Cash Withdrawal ID:37075,482.32,Others
2024-08-14 22:47:53,Monthly Salary ID:32240,3616.73,Salary
2024-12-30 11:48:36,Amazon Purchase ID:36288,1778.5,Shopping
2025-03-04 18:55:27,Ola Ride,2018.91,Travel
2025-06-08 10:16:43,Goibibo,2960.62,Travel
2025-07-21 03:39:50,Monthly Salary,1020.1,Salary
2025-02-26 00:56:19,ATM Withdrawal,3125.47,Others
2024-10-24 20:32:02,ATM Withdrawal,1459.1,Others
2025-03-02 06:39:29,ATM Withdrawal ID:47945,2417.28,Others
2024-12-02 10:42:11,Burger King,1513.1,Food
2024-08-26 00:29:19,Monthly Salary ID:89311,4536.4,Salary
2025-01-12 09:04:03,Miscellaneous Expense,4589.53,Others
2024-08-17 18:18:33,UPI Transfer ID:53964,353.37,Transfer
2025-04-10 02:57:36,Cash Withdrawal ID:69035,4718.18,Others
2024-10-11 14:28:52,Goibibo,3004.4,Travel
2024-11-15 01:24:49,Monthly Salary ID:43244,4453.08,Salary
2025-05-15 02:31:11,Cash Withdrawal ID:66673,2272.11,Others
2025-05-19 03:41:20,Monthly Salary,3321.49,Salary
2025-06-16 11:05:46,Swiggy Order,889.3,Food
2025-01-15 18:23:50,Zomato Order,2812.39,Food
2025-04-07 12:15:02,Monthly Salary,4482.19,Salary
2025-07-05 14:33:34,Monthly Salary,700.0,Salary
2025-02-25 20:52:03,Myntra Shopping,1633.63,Shopping
2025-03-18 17:09:45,Zomato Order,4232.55,Food
2024-09-10 12:32:45,Monthly Salary ID:54951,2550.31,Salary
2024-10-06 12:18:49,House Rent,1168.36,Rent
2025-05-01 13:37:59,Miscellaneous Expense,854.86,Others
2024-08-09 00:44:24,Dmart,183.19,Shopping
2025-01-10 22:44:46,Train Ticket,1590.15,Travel
2025-02-15 12:29:12,Train Ticket,287.38,Travel
2025-01-09 16:29:57,House Rent,4440.11,Rent
2025-06-29 16:57:54,Monthly Salary,4217.69,Salary
2024-11-21 08:27:28,Amazon Purchase ID:55218,3509.3,Shopping
2025-06-11 03:07:27,Miscellaneous Expense ID:41871,2650.44,Others
2025-01-24 09:05:00,UPI Transfer ID:93165,2953.42,Transfer
2024-07-25 11:09:52,Miscellaneous Expense ID:48365,3333.29,Others
2025-02-02 20:25:57,House Rent,2002.4,Rent
2024-09-18 07:39:22,Swiggy Order,2246.61,Food
2025-05-12 21:28:48,Burger King,2361.85,Food
2025-01-21 02:02:42,Miscellaneous Expense,2577.89,Others
2024-12-18 23:01:18,Monthly Salary ID:32047,2061.28,Salary
2024-12-28 10:26:12,MakeMyTrip,4329.5,Travel
2025-06-20 20:00:54,Flight Ticket,3264.17,Travel
2025-04-14 02:40:15,IMPS Transfer ID:29910,4786.2,Transfer
2024-12-14 15:50:30,Train Ticket,188.08,Travel
2025-07-02 19:29:35,House Rent,2358.37,Rent
2024-11-10 04:08:12,McDonald's,4173.03,Food
2024-12-16 07:01:32,Monthly Salary,2910.59,Salary
2025-04-19 22:32:26,Amazon Purchase,4318.22,Shopping
2024-10-04 06:19:06,Hotel Booking,3387.22,Travel
2024-12-09 17:31:30,Miscellaneous Expense,2609.83,Others
2025-05-28 05:27:23,H&M Store ID:51847,953.61,Shopping
2025-05-26 19:53:26,Cafe Coffee Day ID:25465,2823.03,Food
2024-09-27 22:20:49,House Rent,3859.51,Rent
2024-10-05 00:26:23,Monthly Salary,3790.97,Salary
2024-09-16 07:58:34,Hotel Booking,786.01,Travel
2025-06-18 22:26:11,House Rent,3812.45,Rent
2024-09-05 06:07:16,UPI Transfer ID:24232,4032.31,Transfer
2025-05-14 04:13:40,Miscellaneous Expense ID:23349,2072.48,Others
2025-06-11 12:45:16,Cash Withdrawal,2521.98,Others
2024-09-21 10:20:03,H&M Store,4079.03,Shopping
2024-09-09 05:49:06,Monthly Salary,586.63,Salary
2025-05-13 19:37:51,Bank Transfer,3327.6,Transfer
2024-09-05 14:35:26,Train Ticket ID:86418,3008.31,Travel
2024-10-21 19:01:54,Bus Ticket ID:69815,1016.1,Travel
2025-04-27 23:45:54,Zomato Order,4733.53,Food
2025-01-13 18:39:50,Monthly Salary,986.37,Salary
2025-04-10 00:55:18,MakeMyTrip,2763.56,Travel
2025-06-05 19:51:49,Uber Ride,2867.96,Travel
2024-08-24 21:53:03,House Rent,3977.41,Rent
2024-12-31 11:57:19,IMPS Transfer ID:48449,2880.6,Transfer
2024-08-29 18:38:54,House Rent,1715.33,Rent
2024-11-17 16:22:30,IMPS Transfer,4298.98,Transfer
2024-10-28 19:04:39,MakeMyTrip,163.06,Travel
2025-02-05 15:10:42,MakeMyTrip,3032.86,Travel
2025-06-12 19:36:07,Cafe Coffee Day ID:91453,3633.19,Food
2025-05-09 05:43:51,House Rent,3773.39,Rent
